{
    "exhauster1": {
        "id": 1,
        "datetime": "2023-02-18T06: 27: 25.439816",
        "data": {
            "bearing1": {
                "temperature": 62.30000305175781,
                "vibration_axial": 0.25462961196899414,
                "vibration_horizontal": 0.20254628360271454,
                "vibration_vertical": 0.28935185074806213
            },
            "bearing2": {
                "temperature": 56.70000457763672,
                "vibration_axial": 0.21412037312984467,
                "vibration_horizontal": 0.3298611640930176,
                "vibration_vertical": 0.5844907760620117
            },
            "bearing3": {
                "temperature": 48.099998474121094
            },
            "bearing4": {
                "temperature": 51.19999694824219
            },
            "bearing5": {
                "temperature": 41.0
            },
            "bearing6": {
                "temperature": 42.19999694824219
            },
            "bearing7": {
                "temperature": 38.20000457763672,
                "vibration_axial": 1.267361044883728,
                "vibration_horizontal": 0.4861111044883728,
                "vibration_vertical": 1.077122449874878
            },
            "bearing8": {
                "temperature": 41.69999694824219,
                "vibration_axial": 0.8969907760620117,
                "vibration_horizontal": 0.5150462985038757,
                "vibration_vertical": 0.2430555522441864
            },
            "bearing9": {
                "temperature": 42.29999542236328
            },
            "cooler": {
                "temperature_oil_after": 29.900001525878906,
                "temperature_oil_before": 33.0,
                "temperature_water_after": 26.099998474121094,
                "temperature_water_before": 25.099998474121094
            },
            "gas_manifold": {
                "temperature_before": 112.90879821777344,
                "underpressure_before": 759.5486450195312
            },
            "valve_position": {
                "gas_valve_open": 1.0
            },
            "main_drive": {
                "stator_current": 183.72390747070312
            },
            "oil_system": {
                "oil_level": 79.04580688476562,
                "oil_pressure": 2.1243324279785156
            },
            "equipment": {
                "work": 1.0
            }
        }
    },
    "exhauster2": {
        "id": 2,
        "datetime": "2023-02-18T06: 27: 25.439816",
        "data": {
            "bearing1": {
                "temperature": 53.19999694824219,
                "vibration_axial": 2.3553240299224854,
                "vibration_horizontal": 1.2731481790542603,
                "vibration_vertical": 1.7881944179534912
            },
            "bearing2": {
                "temperature": 63.30000305175781,
                "vibration_axial": 1.736111044883728,
                "vibration_horizontal": 1.082175850868225,
                "vibration_vertical": 1.516203761100769
            },
            "bearing3": {
                "temperature": 46.599998474121094
            },
            "bearing4": {
                "temperature": 45.099998474121094
            },
            "bearing5": {
                "temperature": 36.400001525878906
            },
            "bearing6": {
                "temperature": 36.69999694824219
            },
            "bearing7": {
                "temperature": 33.099998474121094,
                "vibration_axial": 0.49768519401550293,
                "vibration_horizontal": 0.6655092239379883,
                "vibration_vertical": 0.8159722089767456
            },
            "bearing8": {
                "temperature": 36.900001525878906,
                "vibration_axial": 1.689814805984497,
                "vibration_horizontal": 1.5393518209457397,
                "vibration_vertical": 0.7002314925193787
            },
            "bearing9": {
                "temperature": 39.400001525878906
            },
            "cooler": {
                "temperature_oil_after": 25.900001525878906,
                "temperature_oil_before": 29.400001525878906,
                "temperature_water_after": 24.699996948242188,
                "temperature_water_before": 24.599998474121094
            },
            "gas_manifold": {
                "temperature_before": 114.50879669189453,
                "underpressure_before": 706.0184936523438
            },
            "valve_position": {
                "gas_valve_open": 1.0
            },
            "main_drive": {
                "stator_current": 166.9973907470703
            },
            "oil_system": {
                "oil_level": 91.63400268554688,
                "oil_pressure": 2.08935809135437
            },
            "equipment": {
                "work": 1.0
            }
        }
    },
    "exhauster3": {
        "id": 3,
        "datetime": "2023-02-18T06: 27: 25.439816",
        "data": {
            "bearing1": {
                "temperature": 48.400001525878906,
                "vibration_axial": 0.919465959072113,
                "vibration_horizontal": 1.423611044883728,
                "vibration_vertical": 1.469907522201538
            },
            "bearing2": {
                "temperature": 47.399993896484375,
                "vibration_axial": 1.4409722089767456,
                "vibration_horizontal": 2.037036895751953,
                "vibration_vertical": 2.00810170173645
            },
            "bearing3": {
                "temperature": 42.19999694824219
            },
            "bearing4": {
                "temperature": 45.599998474121094
            },
            "bearing5": {
                "temperature": 41.19999694824219
            },
            "bearing6": {
                "temperature": 39.70000457763672
            },
            "bearing7": {
                "temperature": 33.099998474121094,
                "vibration_axial": 2.0536582469940186,
                "vibration_horizontal": 2.3256311416625977,
                "vibration_vertical": 2.1469907760620117
            },
            "bearing8": {
                "temperature": 43.099998474121094,
                "vibration_axial": 1.221064805984497,
                "vibration_horizontal": 1.7997684478759766,
                "vibration_vertical": 2.4884259700775146
            },
            "bearing9": {
                "temperature": 39.400001525878906
            },
            "cooler": {
                "temperature_oil_after": 34.599998474121094,
                "temperature_oil_before": 36.400001525878906,
                "temperature_water_after": 25.5,
                "temperature_water_before": 23.0
            },
            "gas_manifold": {
                "temperature_before": 116.43217468261719,
                "underpressure_before": 456.4525451660156
            },
            "valve_position": {
                "gas_valve_open": 1.0,
                "gas_valve_position": 10.0
            },
            "main_drive": {
                "rotor_current": 1613.0,
                "rotor_voltage": 5.0,
                "stator_current": 2111.0,
                "stator_voltage": 106.0
            },
            "oil_system": {
                "oil_level": 69.80000305175781,
                "oil_pressure": 0.8050000071525574
            },
            "equipment": {
                "work": 1.0
            }
        }
    },
    "exhauster4": {
        "id": 4,
        "datetime": "2023-02-18T06: 27: 25.439816",
        "data": {
            "bearing1": {
                "temperature": 50.80000305175781,
                "vibration_axial": 0.5555555820465088,
                "vibration_horizontal": 1.9733797311782837,
                "vibration_vertical": 1.7766202688217163
            },
            "bearing2": {
                "temperature": 54.49999237060547,